[
	{
		"id": 1,
		"clienteId": 1,
		"motoboyId": 1,
		"dataPedido": "2023-08-14T05:04:13.000Z",
		"dataCozinha": "2023-08-14T06:09:13.000Z",
		"dataEntrega": "2023-08-14T06:09:13.000Z",
		"valorPedido": 58,
		"valorEntrega": 0
	},
	{
		"id": 2,
		"clienteId": 20,
		"motoboyId": 4,
		"dataPedido": "2023-08-14T17:19:13.000Z",
		"dataCozinha": "2023-08-14T17:37:13.000Z",
		"dataEntrega": "2023-08-14T17:58:13.000Z",
		"valorPedido": 25,
		"valorEntrega": 5
	},
	{
		"id": 3,
		"clienteId": 9,
		"motoboyId": 3,
		"dataPedido": "2023-08-15T01:45:13.000Z",
		"dataCozinha": "2023-08-15T02:11:13.000Z",
		"dataEntrega": "2023-08-15T02:37:13.000Z",
		"valorPedido": 60,
		"valorEntrega": 10
	},
	{
		"id": 4,
		"clienteId": 1,
		"motoboyId": 1,
		"dataPedido": "2023-08-15T17:49:13.000Z",
		"dataCozinha": "2023-08-15T19:15:13.000Z",
		"dataEntrega": "2023-08-15T19:15:13.000Z",
		"valorPedido": 50,
		"valorEntrega": 0
	},
	{
		"id": 5,
		"clienteId": 1,
		"motoboyId": 1,
		"dataPedido": "2023-08-16T01:41:13.000Z",
		"dataCozinha": "2023-08-16T02:30:13.000Z",
		"dataEntrega": "2023-08-16T02:30:13.000Z",
		"valorPedido": 33,
		"valorEntrega": 0
	},
	{
		"id": 6,
		"clienteId": 4,
		"motoboyId": 2,
		"dataPedido": "2023-08-16T14:03:13.000Z",
		"dataCozinha": "2023-08-16T14:29:13.000Z",
		"dataEntrega": "2023-08-16T15:02:13.000Z",
		"valorPedido": 45,
		"valorEntrega": 7
	},
	{
		"id": 7,
		"clienteId": 10,
		"motoboyId": 4,
		"dataPedido": "2023-08-17T04:17:13.000Z",
		"dataCozinha": "2023-08-17T04:36:13.000Z",
		"dataEntrega": "2023-08-17T05:16:13.000Z",
		"valorPedido": 15,
		"valorEntrega": 8
	},
	{
		"id": 8,
		"clienteId": 1,
		"motoboyId": 1,
		"dataPedido": "2023-08-17T18:39:13.000Z",
		"dataCozinha": "2023-08-17T19:54:13.000Z",
		"dataEntrega": "2023-08-17T19:54:13.000Z",
		"valorPedido": 58,
		"valorEntrega": 0
	},
	{
		"id": 9,
		"clienteId": 1,
		"motoboyId": 1,
		"dataPedido": "2023-08-18T06:52:13.000Z",
		"dataCozinha": "2023-08-18T07:14:13.000Z",
		"dataEntrega": "2023-08-18T07:14:13.000Z",
		"valorPedido": 25,
		"valorEntrega": 0
	},
	{
		"id": 10,
		"clienteId": 1,
		"motoboyId": 1,
		"dataPedido": "2023-08-18T12:49:13.000Z",
		"dataCozinha": "2023-08-18T14:01:13.000Z",
		"dataEntrega": "2023-08-18T14:01:13.000Z",
		"valorPedido": 45,
		"valorEntrega": 0
	},
	{
		"id": 11,
		"clienteId": 1,
		"motoboyId": 1,
		"dataPedido": "2023-08-18T22:58:13.000Z",
		"dataCozinha": "2023-08-18T23:13:13.000Z",
		"dataEntrega": "2023-08-18T23:13:13.000Z",
		"valorPedido": 25,
		"valorEntrega": 0
	},
	{
		"id": 12,
		"clienteId": 22,
		"motoboyId": 3,
		"dataPedido": "2023-08-19T03:13:13.000Z",
		"dataCozinha": "2023-08-19T03:36:13.000Z",
		"dataEntrega": "2023-08-19T03:50:13.000Z",
		"valorPedido": 35,
		"valorEntrega": 4
	},
	{
		"id": 13,
		"clienteId": 1,
		"motoboyId": 1,
		"dataPedido": "2023-08-19T10:10:13.000Z",
		"dataCozinha": "2023-08-19T10:56:13.000Z",
		"dataEntrega": "2023-08-19T10:56:13.000Z",
		"valorPedido": 50,
		"valorEntrega": 0
	},
	{
		"id": 14,
		"clienteId": 25,
		"motoboyId": 3,
		"dataPedido": "2023-08-19T23:36:13.000Z",
		"dataCozinha": "2023-08-19T23:57:13.000Z",
		"dataEntrega": "2023-08-20T00:10:13.000Z",
		"valorPedido": 25,
		"valorEntrega": 6
	},
	{
		"id": 15,
		"clienteId": 1,
		"motoboyId": 1,
		"dataPedido": "2023-08-20T06:15:13.000Z",
		"dataCozinha": "2023-08-20T07:11:13.000Z",
		"dataEntrega": "2023-08-20T07:11:13.000Z",
		"valorPedido": 15,
		"valorEntrega": 0
	},
	{
		"id": 16,
		"clienteId": 26,
		"motoboyId": 2,
		"dataPedido": "2023-08-20T08:05:13.000Z",
		"dataCozinha": "2023-08-20T08:42:13.000Z",
		"dataEntrega": "2023-08-20T09:08:13.000Z",
		"valorPedido": 5,
		"valorEntrega": 7
	},
	{
		"id": 17,
		"clienteId": 16,
		"motoboyId": 4,
		"dataPedido": "2023-08-20T19:47:13.000Z",
		"dataCozinha": "2023-08-20T20:21:13.000Z",
		"dataEntrega": "2023-08-20T20:55:13.000Z",
		"valorPedido": 12,
		"valorEntrega": 4
	},
	{
		"id": 18,
		"clienteId": 8,
		"motoboyId": 3,
		"dataPedido": "2023-08-21T00:49:13.000Z",
		"dataCozinha": "2023-08-21T01:52:13.000Z",
		"dataEntrega": "2023-08-21T02:16:13.000Z",
		"valorPedido": 50,
		"valorEntrega": 6
	},
	{
		"id": 19,
		"clienteId": 1,
		"motoboyId": 1,
		"dataPedido": "2023-08-21T08:10:13.000Z",
		"dataCozinha": "2023-08-21T09:40:13.000Z",
		"dataEntrega": "2023-08-21T09:40:13.000Z",
		"valorPedido": 8,
		"valorEntrega": 0
	},
	{
		"id": 20,
		"clienteId": 6,
		"motoboyId": 4,
		"dataPedido": "2023-08-21T21:39:13.000Z",
		"dataCozinha": "2023-08-21T22:59:13.000Z",
		"dataEntrega": "2023-08-21T23:20:13.000Z",
		"valorPedido": 49.9,
		"valorEntrega": 9
	},
	{
		"id": 21,
		"clienteId": 7,
		"motoboyId": 2,
		"dataPedido": "2023-08-22T09:50:13.000Z",
		"dataCozinha": "2023-08-22T10:25:13.000Z",
		"dataEntrega": "2023-08-22T11:03:13.000Z",
		"valorPedido": 50,
		"valorEntrega": 7
	},
	{
		"id": 22,
		"clienteId": 20,
		"motoboyId": 3,
		"dataPedido": "2023-08-22T21:44:13.000Z",
		"dataCozinha": "2023-08-22T23:10:13.000Z",
		"dataEntrega": "2023-08-22T23:49:13.000Z",
		"valorPedido": 5,
		"valorEntrega": 4
	},
	{
		"id": 23,
		"clienteId": 26,
		"motoboyId": 2,
		"dataPedido": "2023-08-22T23:24:13.000Z",
		"dataCozinha": "2023-08-22T23:37:13.000Z",
		"dataEntrega": "2023-08-22T23:50:13.000Z",
		"valorPedido": 8,
		"valorEntrega": 10
	},
	{
		"id": 24,
		"clienteId": 28,
		"motoboyId": 3,
		"dataPedido": "2023-08-23T15:30:13.000Z",
		"dataCozinha": "2023-08-23T15:51:13.000Z",
		"dataEntrega": "2023-08-23T16:15:13.000Z",
		"valorPedido": 45,
		"valorEntrega": 10
	},
	{
		"id": 25,
		"clienteId": 21,
		"motoboyId": 2,
		"dataPedido": "2023-08-23T16:20:13.000Z",
		"dataCozinha": "2023-08-23T16:44:13.000Z",
		"dataEntrega": "2023-08-23T17:06:13.000Z",
		"valorPedido": 8,
		"valorEntrega": 4
	},
	{
		"id": 26,
		"clienteId": 1,
		"motoboyId": 1,
		"dataPedido": "2023-08-23T23:24:13.000Z",
		"dataCozinha": "2023-08-24T00:46:13.000Z",
		"dataEntrega": "2023-08-24T00:46:13.000Z",
		"valorPedido": 15,
		"valorEntrega": 0
	},
	{
		"id": 27,
		"clienteId": 27,
		"motoboyId": 3,
		"dataPedido": "2023-08-24T11:27:13.000Z",
		"dataCozinha": "2023-08-24T11:40:13.000Z",
		"dataEntrega": "2023-08-24T12:00:13.000Z",
		"valorPedido": 5,
		"valorEntrega": 10
	},
	{
		"id": 28,
		"clienteId": 1,
		"motoboyId": 1,
		"dataPedido": "2023-08-25T03:22:13.000Z",
		"dataCozinha": "2023-08-25T03:43:13.000Z",
		"dataEntrega": "2023-08-25T03:43:13.000Z",
		"valorPedido": 5,
		"valorEntrega": 0
	},
	{
		"id": 29,
		"clienteId": 15,
		"motoboyId": 3,
		"dataPedido": "2023-08-25T08:54:13.000Z",
		"dataCozinha": "2023-08-25T09:44:13.000Z",
		"dataEntrega": "2023-08-25T10:03:13.000Z",
		"valorPedido": 5,
		"valorEntrega": 7
	},
	{
		"id": 30,
		"clienteId": 12,
		"motoboyId": 3,
		"dataPedido": "2023-08-25T19:51:13.000Z",
		"dataCozinha": "2023-08-25T20:18:13.000Z",
		"dataEntrega": "2023-08-25T20:30:13.000Z",
		"valorPedido": 8,
		"valorEntrega": 9
	},
	{
		"id": 31,
		"clienteId": 11,
		"motoboyId": 2,
		"dataPedido": "2023-08-25T21:21:13.000Z",
		"dataCozinha": "2023-08-25T22:10:13.000Z",
		"dataEntrega": "2023-08-25T22:27:13.000Z",
		"valorPedido": 45,
		"valorEntrega": 8
	},
	{
		"id": 32,
		"clienteId": 13,
		"motoboyId": 4,
		"dataPedido": "2023-08-26T06:50:13.000Z",
		"dataCozinha": "2023-08-26T08:00:13.000Z",
		"dataEntrega": "2023-08-26T08:38:13.000Z",
		"valorPedido": 12,
		"valorEntrega": 5
	},
	{
		"id": 33,
		"clienteId": 11,
		"motoboyId": 2,
		"dataPedido": "2023-08-26T16:45:13.000Z",
		"dataCozinha": "2023-08-26T17:41:13.000Z",
		"dataEntrega": "2023-08-26T18:03:13.000Z",
		"valorPedido": 50,
		"valorEntrega": 9
	},
	{
		"id": 34,
		"clienteId": 2,
		"motoboyId": 2,
		"dataPedido": "2023-08-26T21:29:13.000Z",
		"dataCozinha": "2023-08-26T22:51:13.000Z",
		"dataEntrega": "2023-08-26T23:28:13.000Z",
		"valorPedido": 49.9,
		"valorEntrega": 10
	},
	{
		"id": 35,
		"clienteId": 8,
		"motoboyId": 2,
		"dataPedido": "2023-08-27T01:03:13.000Z",
		"dataCozinha": "2023-08-27T01:40:13.000Z",
		"dataEntrega": "2023-08-27T02:06:13.000Z",
		"valorPedido": 50,
		"valorEntrega": 8
	},
	{
		"id": 36,
		"clienteId": 1,
		"motoboyId": 1,
		"dataPedido": "2023-08-27T13:09:13.000Z",
		"dataCozinha": "2023-08-27T13:29:13.000Z",
		"dataEntrega": "2023-08-27T13:29:13.000Z",
		"valorPedido": 25,
		"valorEntrega": 0
	},
	{
		"id": 37,
		"clienteId": 2,
		"motoboyId": 2,
		"dataPedido": "2023-08-27T13:18:13.000Z",
		"dataCozinha": "2023-08-27T13:34:13.000Z",
		"dataEntrega": "2023-08-27T14:26:13.000Z",
		"valorPedido": 8,
		"valorEntrega": 5
	},
	{
		"id": 38,
		"clienteId": 3,
		"motoboyId": 2,
		"dataPedido": "2023-08-27T13:23:13.000Z",
		"dataCozinha": "2023-08-27T13:29:13.000Z",
		"dataEntrega": "2023-08-27T14:44:13.000Z",
		"valorPedido": 5,
		"valorEntrega": 6
	},
	{
		"id": 39,
		"clienteId": 4,
		"motoboyId": 3,
		"dataPedido": "2023-08-27T13:26:13.000Z",
		"dataCozinha": "2023-08-27T13:54:13.000Z",
		"dataEntrega": "2023-08-27T14:14:13.000Z",
		"valorPedido": 49.9,
		"valorEntrega": 10
	},
	{
		"id": 40,
		"clienteId": 5,
		"motoboyId": 3,
		"dataPedido": "2023-08-27T13:32:13.000Z",
		"dataCozinha": "2023-08-27T13:44:13.000Z",
		"dataEntrega": "2023-08-27T13:56:13.000Z",
		"valorPedido": 5,
		"valorEntrega": 8
	},
	{
		"id": 41,
		"clienteId": 1,
		"motoboyId": 1,
		"dataPedido": "2023-08-27T13:34:13.000Z",
		"dataCozinha": "2023-08-27T13:46:13.000Z",
		"dataEntrega": "2023-08-27T13:46:13.000Z",
		"valorPedido": 49.9,
		"valorEntrega": 0
	},
	{
		"id": 42,
		"clienteId": 1,
		"motoboyId": 1,
		"dataPedido": "2023-08-27T13:39:13.000Z",
		"dataCozinha": "2023-08-27T13:49:13.000Z",
		"dataEntrega": "2023-08-27T13:49:13.000Z",
		"valorPedido": 15,
		"valorEntrega": 0
	},
	{
		"id": 43,
		"clienteId": 1,
		"motoboyId": 1,
		"dataPedido": "2023-08-28T07:09:13.000Z",
		"dataCozinha": "2023-08-28T07:44:13.000Z",
		"dataEntrega": "2023-08-28T07:44:13.000Z",
		"valorPedido": 45,
		"valorEntrega": 0
	},
	{
		"id": 44,
		"clienteId": 2,
		"motoboyId": 2,
		"dataPedido": "2023-08-28T07:29:13.000Z",
		"dataCozinha": "2023-08-28T07:54:13.000Z",
		"dataEntrega": "2023-08-28T08:09:13.000Z",
		"valorPedido": 30,
		"valorEntrega": 5
	},
	{
		"id": 45,
		"clienteId": 3,
		"motoboyId": 3,
		"dataPedido": "2023-08-28T07:44:13.000Z",
		"dataCozinha": "2023-08-28T07:59:13.000Z",
		"dataEntrega": null,
		"valorPedido": 100,
		"valorEntrega": 5
	},
	{
		"id": 46,
		"clienteId": 1,
		"motoboyId": 1,
		"dataPedido": "2023-08-28T08:14:13.000Z",
		"dataCozinha": "2023-08-28T11:22:12.064Z",
		"dataEntrega": "2023-08-28T11:22:12.064Z",
		"valorPedido": 90,
		"valorEntrega": 0
	},
	{
		"id": 47,
		"clienteId": 4,
		"motoboyId": 2,
		"dataPedido": "2023-08-28T08:14:13.000Z",
		"dataCozinha": null,
		"dataEntrega": null,
		"valorPedido": 30,
		"valorEntrega": 0
	},
	{
		"id": 48,
		"clienteId": 2,
		"motoboyId": 3,
		"dataPedido": "2023-08-28T08:14:13.000Z",
		"dataCozinha": null,
		"dataEntrega": null,
		"valorPedido": 30,
		"valorEntrega": 0
	},
	{
		"id": 49,
		"clienteId": 6,
		"motoboyId": 2,
		"dataPedido": "2023-08-28T11:17:59.455Z",
		"dataCozinha": null,
		"dataEntrega": null,
		"valorPedido": 73,
		"valorEntrega": 5
	}
]